index,questions
1,What is the rarest naturally occurring element on Earth?
1.1,Who was the first person to walk on the moon?
1.2,What is the largest organ in the human body?
2,What is the tallest mountain in the world?
2.1,What is the largest planet in our solar system?
2.2,What is the smallest country in the world by land area?
3,What is the largest ocean on Earth?
3.1,What is the fastest land animal?
3.2,What is the largest bone in the human body?
3.2.1,What is the oldest known civilization in the world?
